{
  "volt_scale": 0.0000848,
  "watt_scale": 0.001,
  "pf_scale": 0.000030518,
  "circuit_current_scales": [
    0.00001730,
    0.00001723,
    0.00000859,
    0.00000859,
    0.00000856,
    0.00000862,
    0.00000530,
    0.00000516,
    0.00000516,
    0.00000515,
    0.00000515,
    0.00000516,
    0.00000513,
    0.00000513,
    0.00000513,
    0.00000521,
    0.00000522,
    0.00000522
  ]
}
